{"?xml":{"@version":"1.0","@encoding":"utf-8"},"vehicles":{"vehicle":[{"@type":"bicycle","id":"1","motor":{"@type":"electric","power":"2"},"wheels":{"wheel":[{"@size":"29","@pressure":"30"},{"@size":"29","@pressure":"28"}]}},{"@type":"car","id":"2","motor":{"@type":"internal-combustion","power":"150"},"wheels":{"wheel":[{"@size":"17","@pressure":"40"},{"@size":"17","@pressure":"40"},{"@size":"17","@pressure":"41"},{"@size":"17","@pressure":"41"}]}},{"@type":"bicycle","id":"3","wheels":{"wheel":[{"@size":"27","@pressure":"30"},{"@size":"27","@pressure":"28"}]}},{"@type":"truck","id":"4","motor":{"@type":"internal-combustion","displacement":"3000","power":"300"},"wheels":{"wheel":[{"@size":"20","@pressure":"42"},{"@size":"20","@pressure":"42"},{"@size":"20","@pressure":"44"},{"@size":"20","@pressure":"44"},{"@size":"20","@pressure":"42"},{"@size":"20","@pressure":"42"},{"@size":"20","@pressure":"44"},{"@size":"20","@pressure":"44"}]}},{"@type":"bicycle","id":"5","wheels":{"wheel":[{"@size":"14","@pressure":"50"},{"@size":"14","@pressure":"50"}]}},{"@type":"car","id":"6","motor":{"@type":"hybrid","power":"200"},"color":"red","wheels":{"wheel":[{"@size":"19","@pressure":"42"},{"@size":"19","@pressure":"42"},{"@size":"19","@pressure":"44"},{"@size":"19","@pressure":"44"}]}},{"@type":"truck","id":"7","motor":{"@type":"internal-combustion","displacement":"3000"},"wheels":{"wheel":[{"@size":"20","@pressure":"42"},{"@size":"20","@pressure":"42"},{"@size":"20","@pressure":"44"},{"@size":"20","@pressure":"44"},{"@size":"20","@pressure":"42"},{"@size":"20","@pressure":"42"},{"@size":"20","@pressure":"44"},{"@size":"20","@pressure":"44"}]}}]}}